basename,orbit,mirror,filter,hole,energy_keV,funnelling_eff,funnelling_eff_err,geom_factor_cm2,total_particles,total_particles_err,cl
output_DCC_filterOff_50keV_ss_N100k.root,45-deg,DCC,filterOff,withOpening,50,7.700000e-04,8.771585e-05,4.708164e-02,0.000000e+00,0.000000e+00,CL95
output_DCC_filterOn_50keV_ss_N100k.root,45-deg,DCC,filterOn,withOpening,50,9.000000e-05,2.999865e-05,4.708164e-02,0.000000e+00,0.000000e+00,CL95
output_DPH_filterOff_50keV_ss_N100k.root,45-deg,DPH,filterOff,withOpening,50,8.500000e-04,9.215625e-05,4.708164e-02,0.000000e+00,0.000000e+00,CL95
output_DPH_filterOn_50keV_ss_N100k.root,45-deg,DPH,filterOn,withOpening,50,9.000000e-05,2.999865e-05,4.708164e-02,0.000000e+00,0.000000e+00,CL95
output_SP_filterOff_50keV_ss_N100k.root,45-deg,SP,filterOff,withOpening,50,5.600000e-04,7.481219e-05,5.275936e-02,0.000000e+00,0.000000e+00,CL95
output_SP_filterOn_50keV_ss_N100k.root,45-deg,SP,filterOn,withOpening,50,2.000000e-05,1.414199e-05,5.275936e-02,0.000000e+00,0.000000e+00,CL95
output_DCC_filterOff_1000keV_option4_N1m.root,45-deg,DCC,filterOff,withOpening,1000,9.040000e-04,3.005300e-05,4.708164e-02,1.735853e+06,5.770750e+04,CL95
output_DCC_filterOff_100keV_ss_N300k.root,45-deg,DCC,filterOff,withOpening,100,8.700000e-04,5.382822e-05,4.708164e-02,1.099399e+06,6.802150e+04,CL95
output_DCC_filterOff_250keV_ss_N300k.root,45-deg,DCC,filterOff,withOpening,250,9.066667e-04,5.494981e-05,4.708164e-02,1.583914e+06,9.599535e+04,CL95
output_DCC_filterOff_500keV_option4_N1m.root,45-deg,DCC,filterOff,withOpening,500,6.680000e-04,2.583706e-05,4.708164e-02,1.449162e+06,5.605102e+04,CL95
output_DCC_filterOn_1000keV_option4_N1m.root,45-deg,DCC,filterOn,withOpening,1000,9.650000e-04,3.104946e-05,4.708164e-02,1.852984e+06,5.962088e+04,CL95
output_DCC_filterOn_100keV_ss_N300k.root,45-deg,DCC,filterOn,withOpening,100,3.266667e-04,3.299293e-05,4.708164e-02,4.128013e+05,4.169241e+04,CL95
output_DCC_filterOn_250keV_ss_N300k.root,45-deg,DCC,filterOn,withOpening,250,7.700000e-04,5.064277e-05,4.708164e-02,1.345162e+06,8.847110e+04,CL95
output_DCC_filterOn_500keV_option4_N1m.root,45-deg,DCC,filterOn,withOpening,500,6.600000e-04,2.568199e-05,4.708164e-02,1.431806e+06,5.571460e+04,CL95
output_DPH_filterOff_1000keV_option4_N1m.root,45-deg,DPH,filterOff,withOpening,1000,8.900000e-04,2.981959e-05,4.708164e-02,1.708970e+06,5.725930e+04,CL95
output_DPH_filterOff_100keV_ss_N300k.root,45-deg,DPH,filterOff,withOpening,100,8.066667e-04,5.183358e-05,4.708164e-02,1.019366e+06,6.550092e+04,CL95
output_DPH_filterOff_250keV_ss_N300k.root,45-deg,DPH,filterOff,withOpening,250,9.466667e-04,5.614774e-05,4.708164e-02,1.653793e+06,9.808808e+04,CL95
output_DPH_filterOff_500keV_option4_N1m.root,45-deg,DPH,filterOff,withOpening,500,6.530000e-04,2.554552e-05,4.708164e-02,1.416621e+06,5.541855e+04,CL95
output_DPH_filterOn_1000keV_option4_N1m.root,45-deg,DPH,filterOn,withOpening,1000,9.440000e-04,3.071008e-05,4.708164e-02,1.812660e+06,5.896921e+04,CL95
output_DPH_filterOn_100keV_ss_N300k.root,45-deg,DPH,filterOn,withOpening,100,3.000000e-04,3.161803e-05,4.708164e-02,3.791032e+05,3.995499e+04,CL95
output_DPH_filterOn_250keV_ss_N300k.root,45-deg,DPH,filterOn,withOpening,250,7.133333e-04,4.874507e-05,4.708164e-02,1.246168e+06,8.515588e+04,CL95
output_DPH_filterOn_500keV_option4_N1m.root,45-deg,DPH,filterOn,withOpening,500,6.130000e-04,2.475125e-05,4.708164e-02,1.329844e+06,5.369545e+04,CL95
output_SP_filterOff_1000keV_option4_N1m.root,45-deg,SP,filterOff,withOpening,1000,5.380000e-04,2.318859e-05,5.275936e-02,1.157643e+06,4.989610e+04,CL95
output_SP_filterOff_100keV_ss_N300k.root,45-deg,SP,filterOff,withOpening,100,4.333333e-04,3.799761e-05,5.275936e-02,6.136295e+05,5.380720e+04,CL95
output_SP_filterOff_250keV_ss_N300k.root,45-deg,SP,filterOff,withOpening,250,5.400000e-04,4.241495e-05,5.275936e-02,1.057123e+06,8.303303e+04,CL95
output_SP_filterOff_500keV_option4_N1m.root,45-deg,SP,filterOff,withOpening,500,4.380000e-04,2.092387e-05,5.275936e-02,1.064786e+06,5.086631e+04,CL95
output_SP_filterOn_1000keV_option4_N1m.root,45-deg,SP,filterOn,withOpening,1000,5.370000e-04,2.316704e-05,5.275936e-02,1.155491e+06,4.984973e+04,CL95
output_SP_filterOn_100keV_ss_N300k.root,45-deg,SP,filterOn,withOpening,100,2.366667e-04,2.808384e-05,5.275936e-02,3.351361e+05,3.976863e+04,CL95
output_SP_filterOn_250keV_ss_N300k.root,45-deg,SP,filterOn,withOpening,250,4.833333e-04,4.012895e-05,5.275936e-02,9.461906e+05,7.855786e+04,CL95
output_SP_filterOn_500keV_option4_N1m.root,45-deg,SP,filterOn,withOpening,500,4.340000e-04,2.082815e-05,5.275936e-02,1.055062e+06,5.063361e+04,CL95
output_DCC_filterOff_50keV_ss_N100k.root,45-deg,DCC,filterOff,withoutOpening,50,6.300000e-04,7.934753e-05,4.708164e-02,0.000000e+00,0.000000e+00,CL95
output_DCC_filterOn_50keV_ss_N100k.root,45-deg,DCC,filterOn,withoutOpening,50,8.000000e-05,2.828314e-05,4.708164e-02,0.000000e+00,0.000000e+00,CL95
output_DPH_filterOff_50keV_ss_N100k.root,45-deg,DPH,filterOff,withoutOpening,50,7.100000e-04,8.423158e-05,4.708164e-02,0.000000e+00,0.000000e+00,CL95
output_DPH_filterOn_50keV_ss_N100k.root,45-deg,DPH,filterOn,withoutOpening,50,8.000000e-05,2.828314e-05,4.708164e-02,0.000000e+00,0.000000e+00,CL95
output_SP_filterOff_50keV_ss_N100k.root,45-deg,SP,filterOff,withoutOpening,50,4.300000e-04,6.556029e-05,5.275936e-02,0.000000e+00,0.000000e+00,CL95
output_SP_filterOn_50keV_ss_N100k.root,45-deg,SP,filterOn,withoutOpening,50,1.000000e-05,9.999950e-06,5.275936e-02,0.000000e+00,0.000000e+00,CL95
output_DCC_filterOff_1000keV_option4_N1m.root,45-deg,DCC,filterOff,withoutOpening,1000,8.280000e-04,2.876307e-05,4.708164e-02,1.588037e+06,5.516525e+04,CL95
output_DCC_filterOff_100keV_ss_N300k.root,45-deg,DCC,filterOff,withoutOpening,100,8.200000e-04,5.225985e-05,4.708164e-02,1.034989e+06,6.596146e+04,CL95
output_DCC_filterOff_250keV_ss_N300k.root,45-deg,DCC,filterOff,withoutOpening,250,8.266667e-04,5.247168e-05,4.708164e-02,1.442448e+06,9.155770e+04,CL95
output_DCC_filterOff_500keV_option4_N1m.root,45-deg,DCC,filterOff,withoutOpening,500,6.100000e-04,2.469064e-05,4.708164e-02,1.321771e+06,5.350060e+04,CL95
output_DCC_filterOn_1000keV_option4_N1m.root,45-deg,DCC,filterOn,withoutOpening,1000,8.810000e-04,2.966857e-05,4.708164e-02,1.689687e+06,5.690191e+04,CL95
output_DCC_filterOn_100keV_ss_N300k.root,45-deg,DCC,filterOn,withoutOpening,100,3.000000e-04,3.161803e-05,4.708164e-02,3.786547e+05,3.990772e+04,CL95
output_DCC_filterOn_250keV_ss_N300k.root,45-deg,DCC,filterOn,withoutOpening,250,7.166667e-04,4.885874e-05,4.708164e-02,1.250510e+06,8.525349e+04,CL95
output_DCC_filterOn_500keV_option4_N1m.root,45-deg,DCC,filterOn,withoutOpening,500,5.910000e-04,2.430331e-05,4.708164e-02,1.280601e+06,5.266131e+04,CL95
output_DPH_filterOff_1000keV_option4_N1m.root,45-deg,DPH,filterOff,withoutOpening,1000,8.140000e-04,2.851907e-05,4.708164e-02,1.561186e+06,5.469727e+04,CL95
output_DPH_filterOff_100keV_ss_N300k.root,45-deg,DPH,filterOff,withoutOpening,100,7.566667e-04,5.020273e-05,4.708164e-02,9.550513e+05,6.336499e+04,CL95
output_DPH_filterOff_250keV_ss_N300k.root,45-deg,DPH,filterOff,withoutOpening,250,8.666667e-04,5.372509e-05,4.708164e-02,1.512244e+06,9.374476e+04,CL95
output_DPH_filterOff_500keV_option4_N1m.root,45-deg,DPH,filterOff,withoutOpening,500,5.950000e-04,2.438536e-05,4.708164e-02,1.289268e+06,5.283911e+04,CL95
output_DPH_filterOn_1000keV_option4_N1m.root,45-deg,DPH,filterOn,withoutOpening,1000,8.600000e-04,2.931314e-05,4.708164e-02,1.649410e+06,5.622024e+04,CL95
output_DPH_filterOn_100keV_ss_N300k.root,45-deg,DPH,filterOn,withoutOpening,100,2.733333e-04,3.018049e-05,4.708164e-02,3.449965e+05,3.809328e+04,CL95
output_DPH_filterOn_250keV_ss_N300k.root,45-deg,DPH,filterOn,withoutOpening,250,6.600000e-04,4.688868e-05,4.708164e-02,1.151632e+06,8.181592e+04,CL95
output_DPH_filterOn_500keV_option4_N1m.root,45-deg,DPH,filterOn,withoutOpening,500,5.440000e-04,2.331746e-05,4.708164e-02,1.178759e+06,5.052514e+04,CL95
output_SP_filterOff_1000keV_option4_N1m.root,45-deg,SP,filterOff,withoutOpening,1000,4.740000e-04,2.176638e-05,5.275936e-02,1.018724e+06,4.678045e+04,CL95
output_SP_filterOff_100keV_ss_N300k.root,45-deg,SP,filterOff,withoutOpening,100,3.966667e-04,3.635516e-05,5.275936e-02,5.610424e+05,5.142047e+04,CL95
output_SP_filterOff_250keV_ss_N300k.root,45-deg,SP,filterOff,withoutOpening,250,4.700000e-04,3.957184e-05,5.275936e-02,9.190003e+05,7.737560e+04,CL95
output_SP_filterOff_500keV_option4_N1m.root,45-deg,SP,filterOff,withoutOpening,500,3.860000e-04,1.964309e-05,5.275936e-02,9.372630e+05,4.769622e+04,CL95
output_SP_filterOn_1000keV_option4_N1m.root,45-deg,SP,filterOn,withoutOpening,1000,4.600000e-04,2.144268e-05,5.275936e-02,9.886351e+05,4.608475e+04,CL95
output_SP_filterOn_100keV_ss_N300k.root,45-deg,SP,filterOn,withoutOpening,100,2.133333e-04,2.666382e-05,5.275936e-02,3.017371e+05,3.771312e+04,CL95
output_SP_filterOn_250keV_ss_N300k.root,45-deg,SP,filterOn,withoutOpening,250,4.233333e-04,3.755681e-05,5.275936e-02,8.277520e+05,7.343557e+04,CL95
output_SP_filterOn_500keV_option4_N1m.root,45-deg,SP,filterOn,withoutOpening,500,3.720000e-04,1.928371e-05,5.275936e-02,9.032690e+05,4.682361e+04,CL95
output_DCC_filterOff_50keV_ss_N100k.root,98-deg,DCC,filterOff,withOpening,50,7.700000e-04,8.771585e-05,4.708164e-02,0.000000e+00,0.000000e+00,CL95
output_DCC_filterOn_50keV_ss_N100k.root,98-deg,DCC,filterOn,withOpening,50,9.000000e-05,2.999865e-05,4.708164e-02,0.000000e+00,0.000000e+00,CL95
output_DPH_filterOff_50keV_ss_N100k.root,98-deg,DPH,filterOff,withOpening,50,8.500000e-04,9.215625e-05,4.708164e-02,0.000000e+00,0.000000e+00,CL95
output_DPH_filterOn_50keV_ss_N100k.root,98-deg,DPH,filterOn,withOpening,50,9.000000e-05,2.999865e-05,4.708164e-02,0.000000e+00,0.000000e+00,CL95
output_SP_filterOff_50keV_ss_N100k.root,98-deg,SP,filterOff,withOpening,50,5.600000e-04,7.481219e-05,5.275936e-02,0.000000e+00,0.000000e+00,CL95
output_SP_filterOn_50keV_ss_N100k.root,98-deg,SP,filterOn,withOpening,50,2.000000e-05,1.414199e-05,5.275936e-02,0.000000e+00,0.000000e+00,CL95
output_DCC_filterOff_1000keV_option4_N1m.root,98-deg,DCC,filterOff,withOpening,1000,9.040000e-04,3.005300e-05,4.708164e-02,2.973127e+06,9.884003e+04,CL95
output_DCC_filterOff_100keV_ss_N300k.root,98-deg,DCC,filterOff,withOpening,100,8.700000e-04,5.382822e-05,4.708164e-02,1.228426e+07,7.600455e+05,CL95
output_DCC_filterOff_250keV_ss_N300k.root,98-deg,DCC,filterOff,withOpening,250,9.066667e-04,5.494981e-05,4.708164e-02,7.578313e+06,4.592944e+05,CL95
output_DCC_filterOff_500keV_option4_N1m.root,98-deg,DCC,filterOff,withOpening,500,6.680000e-04,2.583706e-05,4.708164e-02,4.084263e+06,1.579721e+05,CL95
output_DCC_filterOn_1000keV_option4_N1m.root,98-deg,DCC,filterOn,withOpening,1000,9.650000e-04,3.104946e-05,4.708164e-02,3.173748e+06,1.021172e+05,CL95
output_DCC_filterOn_100keV_ss_N300k.root,98-deg,DCC,filterOn,withOpening,100,3.266667e-04,3.299293e-05,4.708164e-02,4.612479e+06,4.658546e+05,CL95
output_DCC_filterOn_250keV_ss_N300k.root,98-deg,DCC,filterOn,withOpening,250,7.700000e-04,5.064277e-05,4.708164e-02,6.435994e+06,4.232943e+05,CL95
output_DCC_filterOn_500keV_option4_N1m.root,98-deg,DCC,filterOn,withOpening,500,6.600000e-04,2.568199e-05,4.708164e-02,4.035349e+06,1.570239e+05,CL95
output_DPH_filterOff_1000keV_option4_N1m.root,98-deg,DPH,filterOff,withOpening,1000,8.900000e-04,2.981959e-05,4.708164e-02,2.927083e+06,9.807238e+04,CL95
output_DPH_filterOff_100keV_ss_N300k.root,98-deg,DPH,filterOff,withOpening,100,8.066667e-04,5.183358e-05,4.708164e-02,1.139000e+07,7.318815e+05,CL95
output_DPH_filterOff_250keV_ss_N300k.root,98-deg,DPH,filterOff,withOpening,250,9.466667e-04,5.614774e-05,4.708164e-02,7.912651e+06,4.693071e+05,CL95
output_DPH_filterOff_500keV_option4_N1m.root,98-deg,DPH,filterOff,withOpening,500,6.530000e-04,2.554552e-05,4.708164e-02,3.992550e+06,1.561895e+05,CL95
output_DPH_filterOn_1000keV_option4_N1m.root,98-deg,DPH,filterOn,withOpening,1000,9.440000e-04,3.071008e-05,4.708164e-02,3.104682e+06,1.010011e+05,CL95
output_DPH_filterOn_100keV_ss_N300k.root,98-deg,DPH,filterOn,withOpening,100,3.000000e-04,3.161803e-05,4.708164e-02,4.235950e+06,4.464414e+05,CL95
output_DPH_filterOn_250keV_ss_N300k.root,98-deg,DPH,filterOn,withOpening,250,7.133333e-04,4.874507e-05,4.708164e-02,5.962349e+06,4.074324e+05,CL95
output_DPH_filterOn_500keV_option4_N1m.root,98-deg,DPH,filterOn,withOpening,500,6.130000e-04,2.475125e-05,4.708164e-02,3.747984e+06,1.513332e+05,CL95
output_SP_filterOff_1000keV_option4_N1m.root,98-deg,SP,filterOff,withOpening,1000,5.380000e-04,2.318859e-05,5.275936e-02,1.982783e+06,8.546086e+04,CL95
output_SP_filterOff_100keV_ss_N300k.root,98-deg,SP,filterOff,withOpening,100,4.333333e-04,3.799761e-05,5.275936e-02,6.856455e+06,6.012206e+05,CL95
output_SP_filterOff_250keV_ss_N300k.root,98-deg,SP,filterOff,withOpening,250,5.400000e-04,4.241495e-05,5.275936e-02,5.057858e+06,3.972755e+05,CL95
output_SP_filterOff_500keV_option4_N1m.root,98-deg,SP,filterOff,withOpening,500,4.380000e-04,2.092387e-05,5.275936e-02,3.000953e+06,1.433597e+05,CL95
output_SP_filterOn_1000keV_option4_N1m.root,98-deg,SP,filterOn,withOpening,1000,5.370000e-04,2.316704e-05,5.275936e-02,1.979098e+06,8.538144e+04,CL95
output_SP_filterOn_100keV_ss_N300k.root,98-deg,SP,filterOn,withOpening,100,2.366667e-04,2.808384e-05,5.275936e-02,3.744679e+06,4.443591e+05,CL95
output_SP_filterOn_250keV_ss_N300k.root,98-deg,SP,filterOn,withOpening,250,4.833333e-04,4.012895e-05,5.275936e-02,4.527095e+06,3.758639e+05,CL95
output_SP_filterOn_500keV_option4_N1m.root,98-deg,SP,filterOn,withOpening,500,4.340000e-04,2.082815e-05,5.275936e-02,2.973547e+06,1.427039e+05,CL95
output_DCC_filterOff_50keV_ss_N100k.root,98-deg,DCC,filterOff,withoutOpening,50,6.300000e-04,7.934753e-05,4.708164e-02,0.000000e+00,0.000000e+00,CL95
output_DCC_filterOn_50keV_ss_N100k.root,98-deg,DCC,filterOn,withoutOpening,50,8.000000e-05,2.828314e-05,4.708164e-02,0.000000e+00,0.000000e+00,CL95
output_DPH_filterOff_50keV_ss_N100k.root,98-deg,DPH,filterOff,withoutOpening,50,7.100000e-04,8.423158e-05,4.708164e-02,0.000000e+00,0.000000e+00,CL95
output_DPH_filterOn_50keV_ss_N100k.root,98-deg,DPH,filterOn,withoutOpening,50,8.000000e-05,2.828314e-05,4.708164e-02,0.000000e+00,0.000000e+00,CL95
output_SP_filterOff_50keV_ss_N100k.root,98-deg,SP,filterOff,withoutOpening,50,4.300000e-04,6.556029e-05,5.275936e-02,0.000000e+00,0.000000e+00,CL95
output_SP_filterOn_50keV_ss_N100k.root,98-deg,SP,filterOn,withoutOpening,50,1.000000e-05,9.999950e-06,5.275936e-02,0.000000e+00,0.000000e+00,CL95
output_DCC_filterOff_1000keV_option4_N1m.root,98-deg,DCC,filterOff,withoutOpening,1000,8.280000e-04,2.876307e-05,4.708164e-02,2.719952e+06,9.448573e+04,CL95
output_DCC_filterOff_100keV_ss_N300k.root,98-deg,DCC,filterOff,withoutOpening,100,8.200000e-04,5.225985e-05,4.708164e-02,1.156457e+07,7.370274e+05,CL95
output_DCC_filterOff_250keV_ss_N300k.root,98-deg,DCC,filterOff,withoutOpening,250,8.266667e-04,5.247168e-05,4.708164e-02,6.901464e+06,4.380622e+05,CL95
output_DCC_filterOff_500keV_option4_N1m.root,98-deg,DCC,filterOff,withoutOpening,500,6.100000e-04,2.469064e-05,4.708164e-02,3.725229e+06,1.507841e+05,CL95
output_DCC_filterOn_1000keV_option4_N1m.root,98-deg,DCC,filterOn,withoutOpening,1000,8.810000e-04,2.966857e-05,4.708164e-02,2.894055e+06,9.746025e+04,CL95
output_DCC_filterOn_100keV_ss_N300k.root,98-deg,DCC,filterOn,withoutOpening,100,3.000000e-04,3.161803e-05,4.708164e-02,4.230939e+06,4.459132e+05,CL95
output_DCC_filterOn_250keV_ss_N300k.root,98-deg,DCC,filterOn,withoutOpening,250,7.166667e-04,4.885874e-05,4.708164e-02,5.983124e+06,4.078994e+05,CL95
output_DCC_filterOn_500keV_option4_N1m.root,98-deg,DCC,filterOn,withoutOpening,500,5.910000e-04,2.430331e-05,4.708164e-02,3.609197e+06,1.484186e+05,CL95
output_DPH_filterOff_1000keV_option4_N1m.root,98-deg,DPH,filterOff,withoutOpening,1000,8.140000e-04,2.851907e-05,4.708164e-02,2.673963e+06,9.368419e+04,CL95
output_DPH_filterOff_100keV_ss_N300k.root,98-deg,DPH,filterOff,withoutOpening,100,7.566667e-04,5.020273e-05,4.708164e-02,1.067137e+07,7.080155e+05,CL95
output_DPH_filterOff_250keV_ss_N300k.root,98-deg,DPH,filterOff,withoutOpening,250,8.666667e-04,5.372509e-05,4.708164e-02,7.235406e+06,4.485263e+05,CL95
output_DPH_filterOff_500keV_option4_N1m.root,98-deg,DPH,filterOff,withoutOpening,500,5.950000e-04,2.438536e-05,4.708164e-02,3.633625e+06,1.489198e+05,CL95
output_DPH_filterOn_1000keV_option4_N1m.root,98-deg,DPH,filterOn,withoutOpening,1000,8.600000e-04,2.931314e-05,4.708164e-02,2.825071e+06,9.629270e+04,CL95
output_DPH_filterOn_100keV_ss_N300k.root,98-deg,DPH,filterOn,withoutOpening,100,2.733333e-04,3.018049e-05,4.708164e-02,3.854855e+06,4.256394e+05,CL95
output_DPH_filterOn_250keV_ss_N300k.root,98-deg,DPH,filterOn,withoutOpening,250,6.600000e-04,4.688868e-05,4.708164e-02,5.510040e+06,3.914522e+05,CL95
output_DPH_filterOn_500keV_option4_N1m.root,98-deg,DPH,filterOn,withoutOpening,500,5.440000e-04,2.331746e-05,4.708164e-02,3.322171e+06,1.423982e+05,CL95
output_SP_filterOff_1000keV_option4_N1m.root,98-deg,SP,filterOff,withoutOpening,1000,4.740000e-04,2.176638e-05,5.275936e-02,1.744846e+06,8.012445e+04,CL95
output_SP_filterOff_100keV_ss_N300k.root,98-deg,SP,filterOff,withoutOpening,100,3.966667e-04,3.635516e-05,5.275936e-02,6.268868e+06,5.745522e+05,CL95
output_SP_filterOff_250keV_ss_N300k.root,98-deg,SP,filterOff,withoutOpening,250,4.700000e-04,3.957184e-05,5.275936e-02,4.397001e+06,3.702073e+05,CL95
output_SP_filterOff_500keV_option4_N1m.root,98-deg,SP,filterOff,withoutOpening,500,3.860000e-04,1.964309e-05,5.275936e-02,2.641547e+06,1.344252e+05,CL95
output_SP_filterOn_1000keV_option4_N1m.root,98-deg,SP,filterOn,withoutOpening,1000,4.600000e-04,2.144268e-05,5.275936e-02,1.693311e+06,7.893287e+04,CL95
output_SP_filterOn_100keV_ss_N300k.root,98-deg,SP,filterOn,withoutOpening,100,2.133333e-04,2.666382e-05,5.275936e-02,3.371492e+06,4.213915e+05,CL95
output_SP_filterOn_250keV_ss_N300k.root,98-deg,SP,filterOn,withoutOpening,250,4.233333e-04,3.755681e-05,5.275936e-02,3.960419e+06,3.513560e+05,CL95
output_SP_filterOn_500keV_option4_N1m.root,98-deg,SP,filterOn,withoutOpening,500,3.720000e-04,1.928371e-05,5.275936e-02,2.545739e+06,1.319659e+05,CL95
output_DCC_filterOff_50keV_ss_N100k.root,45-deg,DCC,filterOff,withOpening,50,7.700000e-04,8.771585e-05,4.708164e-02,0.000000e+00,0.000000e+00,CL75
output_DCC_filterOn_50keV_ss_N100k.root,45-deg,DCC,filterOn,withOpening,50,9.000000e-05,2.999865e-05,4.708164e-02,0.000000e+00,0.000000e+00,CL75
output_DPH_filterOff_50keV_ss_N100k.root,45-deg,DPH,filterOff,withOpening,50,8.500000e-04,9.215625e-05,4.708164e-02,0.000000e+00,0.000000e+00,CL75
output_DPH_filterOn_50keV_ss_N100k.root,45-deg,DPH,filterOn,withOpening,50,9.000000e-05,2.999865e-05,4.708164e-02,0.000000e+00,0.000000e+00,CL75
output_SP_filterOff_50keV_ss_N100k.root,45-deg,SP,filterOff,withOpening,50,5.600000e-04,7.481219e-05,5.275936e-02,0.000000e+00,0.000000e+00,CL75
output_SP_filterOn_50keV_ss_N100k.root,45-deg,SP,filterOn,withOpening,50,2.000000e-05,1.414199e-05,5.275936e-02,0.000000e+00,0.000000e+00,CL75
output_DCC_filterOff_1000keV_option4_N1m.root,45-deg,DCC,filterOff,withOpening,1000,9.040000e-04,3.005300e-05,4.708164e-02,8.973428e+05,2.983168e+04,CL75
output_DCC_filterOff_100keV_ss_N300k.root,45-deg,DCC,filterOff,withOpening,100,8.700000e-04,5.382822e-05,4.708164e-02,6.423129e+05,3.974087e+04,CL75
output_DCC_filterOff_250keV_ss_N300k.root,45-deg,DCC,filterOff,withOpening,250,9.066667e-04,5.494981e-05,4.708164e-02,9.407386e+05,5.701479e+04,CL75
output_DCC_filterOff_500keV_option4_N1m.root,45-deg,DCC,filterOff,withOpening,500,6.680000e-04,2.583706e-05,4.708164e-02,7.549742e+05,2.920107e+04,CL75
output_DCC_filterOn_1000keV_option4_N1m.root,45-deg,DCC,filterOn,withOpening,1000,9.650000e-04,3.104946e-05,4.708164e-02,9.578936e+05,3.082080e+04,CL75
output_DCC_filterOn_100keV_ss_N300k.root,45-deg,DCC,filterOn,withOpening,100,3.266667e-04,3.299293e-05,4.708164e-02,2.411750e+05,2.435837e+04,CL75
output_DCC_filterOn_250keV_ss_N300k.root,45-deg,DCC,filterOn,withOpening,250,7.700000e-04,5.064277e-05,4.708164e-02,7.989361e+05,5.254589e+04,CL75
output_DCC_filterOn_500keV_option4_N1m.root,45-deg,DCC,filterOn,withOpening,500,6.600000e-04,2.568199e-05,4.708164e-02,7.459326e+05,2.902580e+04,CL75
output_DPH_filterOff_1000keV_option4_N1m.root,45-deg,DPH,filterOff,withOpening,1000,8.900000e-04,2.981959e-05,4.708164e-02,8.834459e+05,2.959999e+04,CL75
output_DPH_filterOff_100keV_ss_N300k.root,45-deg,DPH,filterOff,withOpening,100,8.066667e-04,5.183358e-05,4.708164e-02,5.955545e+05,3.826825e+04,CL75
output_DPH_filterOff_250keV_ss_N300k.root,45-deg,DPH,filterOff,withOpening,250,9.466667e-04,5.614774e-05,4.708164e-02,9.822418e+05,5.825773e+04,CL75
output_DPH_filterOff_500keV_option4_N1m.root,45-deg,DPH,filterOff,withOpening,500,6.530000e-04,2.554552e-05,4.708164e-02,7.380211e+05,2.887157e+04,CL75
output_DPH_filterOn_1000keV_option4_N1m.root,45-deg,DPH,filterOn,withOpening,1000,9.440000e-04,3.071008e-05,4.708164e-02,9.370482e+05,3.048392e+04,CL75
output_DPH_filterOn_100keV_ss_N300k.root,45-deg,DPH,filterOn,withOpening,100,3.000000e-04,3.161803e-05,4.708164e-02,2.214872e+05,2.334330e+04,CL75
output_DPH_filterOn_250keV_ss_N300k.root,45-deg,DPH,filterOn,withOpening,250,7.133333e-04,4.874507e-05,4.708164e-02,7.401399e+05,5.057688e+04,CL75
output_DPH_filterOn_500keV_option4_N1m.root,45-deg,DPH,filterOn,withOpening,500,6.130000e-04,2.475125e-05,4.708164e-02,6.928131e+05,2.797388e+04,CL75
output_SP_filterOff_1000keV_option4_N1m.root,45-deg,SP,filterOff,withOpening,1000,5.380000e-04,2.318859e-05,5.275936e-02,5.984394e+05,2.579361e+04,CL75
output_SP_filterOff_100keV_ss_N300k.root,45-deg,SP,filterOff,withOpening,100,4.333333e-04,3.799761e-05,5.275936e-02,3.585068e+05,3.143632e+04,CL75
output_SP_filterOff_250keV_ss_N300k.root,45-deg,SP,filterOff,withOpening,250,5.400000e-04,4.241495e-05,5.275936e-02,6.278603e+05,4.931604e+04,CL75
output_SP_filterOff_500keV_option4_N1m.root,45-deg,SP,filterOff,withOpening,500,4.380000e-04,2.092387e-05,5.275936e-02,5.547249e+05,2.649998e+04,CL75
output_SP_filterOn_1000keV_option4_N1m.root,45-deg,SP,filterOn,withOpening,1000,5.370000e-04,2.316704e-05,5.275936e-02,5.973270e+05,2.576964e+04,CL75
output_SP_filterOn_100keV_ss_N300k.root,45-deg,SP,filterOn,withOpening,100,2.366667e-04,2.808384e-05,5.275936e-02,1.957999e+05,2.323442e+04,CL75
output_SP_filterOn_250keV_ss_N300k.root,45-deg,SP,filterOn,withOpening,250,4.833333e-04,4.012895e-05,5.275936e-02,5.619737e+05,4.665810e+04,CL75
output_SP_filterOn_500keV_option4_N1m.root,45-deg,SP,filterOn,withOpening,500,4.340000e-04,2.082815e-05,5.275936e-02,5.496589e+05,2.637875e+04,CL75
output_DCC_filterOff_50keV_ss_N100k.root,45-deg,DCC,filterOff,withoutOpening,50,6.300000e-04,7.934753e-05,4.708164e-02,0.000000e+00,0.000000e+00,CL75
output_DCC_filterOn_50keV_ss_N100k.root,45-deg,DCC,filterOn,withoutOpening,50,8.000000e-05,2.828314e-05,4.708164e-02,0.000000e+00,0.000000e+00,CL75
output_DPH_filterOff_50keV_ss_N100k.root,45-deg,DPH,filterOff,withoutOpening,50,7.100000e-04,8.423158e-05,4.708164e-02,0.000000e+00,0.000000e+00,CL75
output_DPH_filterOn_50keV_ss_N100k.root,45-deg,DPH,filterOn,withoutOpening,50,8.000000e-05,2.828314e-05,4.708164e-02,0.000000e+00,0.000000e+00,CL75
output_SP_filterOff_50keV_ss_N100k.root,45-deg,SP,filterOff,withoutOpening,50,4.300000e-04,6.556029e-05,5.275936e-02,0.000000e+00,0.000000e+00,CL75
output_SP_filterOn_50keV_ss_N100k.root,45-deg,SP,filterOn,withoutOpening,50,1.000000e-05,9.999950e-06,5.275936e-02,0.000000e+00,0.000000e+00,CL75
output_DCC_filterOff_1000keV_option4_N1m.root,45-deg,DCC,filterOff,withoutOpening,1000,8.280000e-04,2.876307e-05,4.708164e-02,8.209301e+05,2.851748e+04,CL75
output_DCC_filterOff_100keV_ss_N300k.root,45-deg,DCC,filterOff,withoutOpening,100,8.200000e-04,5.225985e-05,4.708164e-02,6.046821e+05,3.853732e+04,CL75
output_DCC_filterOff_250keV_ss_N300k.root,45-deg,DCC,filterOff,withoutOpening,250,8.266667e-04,5.247168e-05,4.708164e-02,8.567175e+05,5.437912e+04,CL75
output_DCC_filterOff_500keV_option4_N1m.root,45-deg,DCC,filterOff,withoutOpening,500,6.100000e-04,2.469064e-05,4.708164e-02,6.886069e+05,2.787237e+04,CL75
output_DCC_filterOn_1000keV_option4_N1m.root,45-deg,DCC,filterOn,withoutOpening,1000,8.810000e-04,2.966857e-05,4.708164e-02,8.734775e+05,2.941524e+04,CL75
output_DCC_filterOn_100keV_ss_N300k.root,45-deg,DCC,filterOn,withoutOpening,100,3.000000e-04,3.161803e-05,4.708164e-02,2.212252e+05,2.331568e+04,CL75
output_DCC_filterOn_250keV_ss_N300k.root,45-deg,DCC,filterOn,withoutOpening,250,7.166667e-04,4.885874e-05,4.708164e-02,7.427188e+05,5.063485e+04,CL75
output_DCC_filterOn_500keV_option4_N1m.root,45-deg,DCC,filterOn,withoutOpening,500,5.910000e-04,2.430331e-05,4.708164e-02,6.671584e+05,2.743512e+04,CL75
output_DPH_filterOff_1000keV_option4_N1m.root,45-deg,DPH,filterOff,withoutOpening,1000,8.140000e-04,2.851907e-05,4.708164e-02,8.070496e+05,2.827556e+04,CL75
output_DPH_filterOff_100keV_ss_N300k.root,45-deg,DPH,filterOff,withoutOpening,100,7.566667e-04,5.020273e-05,4.708164e-02,5.579790e+05,3.702036e+04,CL75
output_DPH_filterOff_250keV_ss_N300k.root,45-deg,DPH,filterOff,withoutOpening,250,8.666667e-04,5.372509e-05,4.708164e-02,8.981716e+05,5.567809e+04,CL75
output_DPH_filterOff_500keV_option4_N1m.root,45-deg,DPH,filterOff,withoutOpening,500,5.950000e-04,2.438536e-05,4.708164e-02,6.716739e+05,2.752775e+04,CL75
output_DPH_filterOn_1000keV_option4_N1m.root,45-deg,DPH,filterOn,withoutOpening,1000,8.600000e-04,2.931314e-05,4.708164e-02,8.526569e+05,2.906285e+04,CL75
output_DPH_filterOn_100keV_ss_N300k.root,45-deg,DPH,filterOn,withoutOpening,100,2.733333e-04,3.018049e-05,4.708164e-02,2.015607e+05,2.225561e+04,CL75
output_DPH_filterOn_250keV_ss_N300k.root,45-deg,DPH,filterOn,withoutOpening,250,6.600000e-04,4.688868e-05,4.708164e-02,6.839922e+05,4.859316e+04,CL75
output_DPH_filterOn_500keV_option4_N1m.root,45-deg,DPH,filterOn,withoutOpening,500,5.440000e-04,2.331746e-05,4.708164e-02,6.141019e+05,2.632224e+04,CL75
output_SP_filterOff_1000keV_option4_N1m.root,45-deg,SP,filterOff,withoutOpening,1000,4.740000e-04,2.176638e-05,5.275936e-02,5.266258e+05,2.418299e+04,CL75
output_SP_filterOff_100keV_ss_N300k.root,45-deg,SP,filterOff,withoutOpening,100,3.966667e-04,3.635516e-05,5.275936e-02,3.277834e+05,3.004189e+04,CL75
output_SP_filterOff_250keV_ss_N300k.root,45-deg,SP,filterOff,withoutOpening,250,4.700000e-04,3.957184e-05,5.275936e-02,5.458245e+05,4.595591e+04,CL75
output_SP_filterOff_500keV_option4_N1m.root,45-deg,SP,filterOff,withoutOpening,500,3.860000e-04,1.964309e-05,5.275936e-02,4.882888e+05,2.484845e+04,CL75
output_SP_filterOn_1000keV_option4_N1m.root,45-deg,SP,filterOn,withoutOpening,1000,4.600000e-04,2.144268e-05,5.275936e-02,5.110714e+05,2.382335e+04,CL75
output_SP_filterOn_100keV_ss_N300k.root,45-deg,SP,filterOn,withoutOpening,100,2.133333e-04,2.666382e-05,5.275936e-02,1.762869e+05,2.203351e+04,CL75
output_SP_filterOn_250keV_ss_N300k.root,45-deg,SP,filterOn,withoutOpening,250,4.233333e-04,3.755681e-05,5.275936e-02,4.916291e+05,4.361579e+04,CL75
output_SP_filterOn_500keV_option4_N1m.root,45-deg,SP,filterOn,withoutOpening,500,3.720000e-04,1.928371e-05,5.275936e-02,4.705788e+05,2.439384e+04,CL75
output_DCC_filterOff_50keV_ss_N100k.root,98-deg,DCC,filterOff,withOpening,50,7.700000e-04,8.771585e-05,4.708164e-02,0.000000e+00,0.000000e+00,CL75
output_DCC_filterOn_50keV_ss_N100k.root,98-deg,DCC,filterOn,withOpening,50,9.000000e-05,2.999865e-05,4.708164e-02,0.000000e+00,0.000000e+00,CL75
output_DPH_filterOff_50keV_ss_N100k.root,98-deg,DPH,filterOff,withOpening,50,8.500000e-04,9.215625e-05,4.708164e-02,0.000000e+00,0.000000e+00,CL75
output_DPH_filterOn_50keV_ss_N100k.root,98-deg,DPH,filterOn,withOpening,50,9.000000e-05,2.999865e-05,4.708164e-02,0.000000e+00,0.000000e+00,CL75
output_SP_filterOff_50keV_ss_N100k.root,98-deg,SP,filterOff,withOpening,50,5.600000e-04,7.481219e-05,5.275936e-02,0.000000e+00,0.000000e+00,CL75
output_SP_filterOn_50keV_ss_N100k.root,98-deg,SP,filterOn,withOpening,50,2.000000e-05,1.414199e-05,5.275936e-02,0.000000e+00,0.000000e+00,CL75
output_DCC_filterOff_1000keV_option4_N1m.root,98-deg,DCC,filterOff,withOpening,1000,9.040000e-04,3.005300e-05,4.708164e-02,2.007300e+06,6.673162e+04,CL75
output_DCC_filterOff_100keV_ss_N300k.root,98-deg,DCC,filterOff,withOpening,100,8.700000e-04,5.382822e-05,4.708164e-02,1.654174e+07,1.023463e+06,CL75
output_DCC_filterOff_250keV_ss_N300k.root,98-deg,DCC,filterOff,withOpening,250,9.066667e-04,5.494981e-05,4.708164e-02,6.634961e+06,4.021212e+05,CL75
output_DCC_filterOff_500keV_option4_N1m.root,98-deg,DCC,filterOff,withOpening,500,6.680000e-04,2.583706e-05,4.708164e-02,2.303718e+06,8.910376e+04,CL75
output_DCC_filterOn_1000keV_option4_N1m.root,98-deg,DCC,filterOn,withOpening,1000,9.650000e-04,3.104946e-05,4.708164e-02,2.142748e+06,6.894422e+04,CL75
output_DCC_filterOn_100keV_ss_N300k.root,98-deg,DCC,filterOn,withOpening,100,3.266667e-04,3.299293e-05,4.708164e-02,6.211076e+06,6.273109e+05,CL75
output_DCC_filterOn_250keV_ss_N300k.root,98-deg,DCC,filterOn,withOpening,250,7.700000e-04,5.064277e-05,4.708164e-02,5.634838e+06,3.706024e+05,CL75
output_DCC_filterOn_500keV_option4_N1m.root,98-deg,DCC,filterOn,withOpening,500,6.600000e-04,2.568199e-05,4.708164e-02,2.276129e+06,8.856895e+04,CL75
output_DPH_filterOff_1000keV_option4_N1m.root,98-deg,DPH,filterOff,withOpening,1000,8.900000e-04,2.981959e-05,4.708164e-02,1.976213e+06,6.621334e+04,CL75
output_DPH_filterOff_100keV_ss_N300k.root,98-deg,DPH,filterOff,withOpening,100,8.066667e-04,5.183358e-05,4.708164e-02,1.533755e+07,9.855376e+05,CL75
output_DPH_filterOff_250keV_ss_N300k.root,98-deg,DPH,filterOff,withOpening,250,9.466667e-04,5.614774e-05,4.708164e-02,6.927680e+06,4.108875e+05,CL75
output_DPH_filterOff_500keV_option4_N1m.root,98-deg,DPH,filterOff,withOpening,500,6.530000e-04,2.554552e-05,4.708164e-02,2.251988e+06,8.809832e+04,CL75
output_DPH_filterOn_1000keV_option4_N1m.root,98-deg,DPH,filterOn,withOpening,1000,9.440000e-04,3.071008e-05,4.708164e-02,2.096118e+06,6.819064e+04,CL75
output_DPH_filterOn_100keV_ss_N300k.root,98-deg,DPH,filterOn,withOpening,100,3.000000e-04,3.161803e-05,4.708164e-02,5.704049e+06,6.011694e+05,CL75
output_DPH_filterOn_250keV_ss_N300k.root,98-deg,DPH,filterOn,withOpening,250,7.133333e-04,4.874507e-05,4.708164e-02,5.220153e+06,3.567150e+05,CL75
output_DPH_filterOn_500keV_option4_N1m.root,98-deg,DPH,filterOn,withOpening,500,6.130000e-04,2.475125e-05,4.708164e-02,2.114041e+06,8.535913e+04,CL75
output_SP_filterOff_1000keV_option4_N1m.root,98-deg,SP,filterOff,withOpening,1000,5.380000e-04,2.318859e-05,5.275936e-02,1.338672e+06,5.769870e+04,CL75
output_SP_filterOff_100keV_ss_N300k.root,98-deg,SP,filterOff,withOpening,100,4.333333e-04,3.799761e-05,5.275936e-02,9.232770e+06,8.095921e+05,CL75
output_SP_filterOff_250keV_ss_N300k.root,98-deg,SP,filterOff,withOpening,250,5.400000e-04,4.241495e-05,5.275936e-02,4.428253e+06,3.478224e+05,CL75
output_SP_filterOff_500keV_option4_N1m.root,98-deg,SP,filterOff,withOpening,500,4.380000e-04,2.092387e-05,5.275936e-02,1.692680e+06,8.086168e+04,CL75
output_SP_filterOn_1000keV_option4_N1m.root,98-deg,SP,filterOn,withOpening,1000,5.370000e-04,2.316704e-05,5.275936e-02,1.336183e+06,5.764508e+04,CL75
output_SP_filterOn_100keV_ss_N300k.root,98-deg,SP,filterOn,withOpening,100,2.366667e-04,2.808384e-05,5.275936e-02,5.042513e+06,5.983654e+05,CL75
output_SP_filterOn_250keV_ss_N300k.root,98-deg,SP,filterOn,withOpening,250,4.833333e-04,4.012895e-05,5.275936e-02,3.963560e+06,3.290761e+05,CL75
output_SP_filterOn_500keV_option4_N1m.root,98-deg,SP,filterOn,withOpening,500,4.340000e-04,2.082815e-05,5.275936e-02,1.677222e+06,8.049176e+04,CL75
output_DCC_filterOff_50keV_ss_N100k.root,98-deg,DCC,filterOff,withoutOpening,50,6.300000e-04,7.934753e-05,4.708164e-02,0.000000e+00,0.000000e+00,CL75
output_DCC_filterOn_50keV_ss_N100k.root,98-deg,DCC,filterOn,withoutOpening,50,8.000000e-05,2.828314e-05,4.708164e-02,0.000000e+00,0.000000e+00,CL75
output_DPH_filterOff_50keV_ss_N100k.root,98-deg,DPH,filterOff,withoutOpening,50,7.100000e-04,8.423158e-05,4.708164e-02,0.000000e+00,0.000000e+00,CL75
output_DPH_filterOn_50keV_ss_N100k.root,98-deg,DPH,filterOn,withoutOpening,50,8.000000e-05,2.828314e-05,4.708164e-02,0.000000e+00,0.000000e+00,CL75
output_SP_filterOff_50keV_ss_N100k.root,98-deg,SP,filterOff,withoutOpening,50,4.300000e-04,6.556029e-05,5.275936e-02,0.000000e+00,0.000000e+00,CL75
output_SP_filterOn_50keV_ss_N100k.root,98-deg,SP,filterOn,withoutOpening,50,1.000000e-05,9.999950e-06,5.275936e-02,0.000000e+00,0.000000e+00,CL75
output_DCC_filterOff_1000keV_option4_N1m.root,98-deg,DCC,filterOff,withoutOpening,1000,8.280000e-04,2.876307e-05,4.708164e-02,1.836369e+06,6.379182e+04,CL75
output_DCC_filterOff_100keV_ss_N300k.root,98-deg,DCC,filterOff,withoutOpening,100,8.200000e-04,5.225985e-05,4.708164e-02,1.557262e+07,9.924670e+05,CL75
output_DCC_filterOff_250keV_ss_N300k.root,98-deg,DCC,filterOff,withoutOpening,250,8.266667e-04,5.247168e-05,4.708164e-02,6.042366e+06,3.835320e+05,CL75
output_DCC_filterOff_500keV_option4_N1m.root,98-deg,DCC,filterOff,withoutOpening,500,6.100000e-04,2.469064e-05,4.708164e-02,2.101206e+06,8.504939e+04,CL75
output_DCC_filterOn_1000keV_option4_N1m.root,98-deg,DCC,filterOn,withoutOpening,1000,8.810000e-04,2.966857e-05,4.708164e-02,1.953915e+06,6.580006e+04,CL75
output_DCC_filterOn_100keV_ss_N300k.root,98-deg,DCC,filterOn,withoutOpening,100,3.000000e-04,3.161803e-05,4.708164e-02,5.697301e+06,6.004581e+05,CL75
output_DCC_filterOn_250keV_ss_N300k.root,98-deg,DCC,filterOn,withoutOpening,250,7.166667e-04,4.885874e-05,4.708164e-02,5.238341e+06,3.571239e+05,CL75
output_DCC_filterOn_500keV_option4_N1m.root,98-deg,DCC,filterOn,withoutOpening,500,5.910000e-04,2.430331e-05,4.708164e-02,2.035759e+06,8.371517e+04,CL75
output_DPH_filterOff_1000keV_option4_N1m.root,98-deg,DPH,filterOff,withoutOpening,1000,8.140000e-04,2.851907e-05,4.708164e-02,1.805320e+06,6.325066e+04,CL75
output_DPH_filterOff_100keV_ss_N300k.root,98-deg,DPH,filterOff,withoutOpening,100,7.566667e-04,5.020273e-05,4.708164e-02,1.436986e+07,9.534001e+05,CL75
output_DPH_filterOff_250keV_ss_N300k.root,98-deg,DPH,filterOff,withoutOpening,250,8.666667e-04,5.372509e-05,4.708164e-02,6.334738e+06,3.926935e+05,CL75
output_DPH_filterOff_500keV_option4_N1m.root,98-deg,DPH,filterOff,withoutOpening,500,5.950000e-04,2.438536e-05,4.708164e-02,2.049537e+06,8.399782e+04,CL75
output_DPH_filterOn_1000keV_option4_N1m.root,98-deg,DPH,filterOn,withoutOpening,1000,8.600000e-04,2.931314e-05,4.708164e-02,1.907340e+06,6.501179e+04,CL75
output_DPH_filterOn_100keV_ss_N300k.root,98-deg,DPH,filterOn,withoutOpening,100,2.733333e-04,3.018049e-05,4.708164e-02,5.190874e+06,5.731578e+05,CL75
output_DPH_filterOn_250keV_ss_N300k.root,98-deg,DPH,filterOn,withoutOpening,250,6.600000e-04,4.688868e-05,4.708164e-02,4.824147e+06,3.427240e+05,CL75
output_DPH_filterOn_500keV_option4_N1m.root,98-deg,DPH,filterOn,withoutOpening,500,5.440000e-04,2.331746e-05,4.708164e-02,1.873862e+06,8.031933e+04,CL75
output_SP_filterOff_1000keV_option4_N1m.root,98-deg,SP,filterOff,withoutOpening,1000,4.740000e-04,2.176638e-05,5.275936e-02,1.178029e+06,5.409584e+04,CL75
output_SP_filterOff_100keV_ss_N300k.root,98-deg,SP,filterOff,withoutOpening,100,3.966667e-04,3.635516e-05,5.275936e-02,8.441537e+06,7.736809e+05,CL75
output_SP_filterOff_250keV_ss_N300k.root,98-deg,SP,filterOff,withoutOpening,250,4.700000e-04,3.957184e-05,5.275936e-02,3.849660e+06,3.241237e+05,CL75
output_SP_filterOff_500keV_option4_N1m.root,98-deg,SP,filterOff,withoutOpening,500,3.860000e-04,1.964309e-05,5.275936e-02,1.489958e+06,7.582223e+04,CL75
output_SP_filterOn_1000keV_option4_N1m.root,98-deg,SP,filterOn,withoutOpening,1000,4.600000e-04,2.144268e-05,5.275936e-02,1.143235e+06,5.329134e+04,CL75
output_SP_filterOn_100keV_ss_N300k.root,98-deg,SP,filterOn,withoutOpening,100,2.133333e-04,2.666382e-05,5.275936e-02,4.539986e+06,5.674377e+05,CL75
output_SP_filterOn_250keV_ss_N300k.root,98-deg,SP,filterOn,withoutOpening,250,4.233333e-04,3.755681e-05,5.275936e-02,3.467424e+06,3.076190e+05,CL75
output_SP_filterOn_500keV_option4_N1m.root,98-deg,SP,filterOn,withoutOpening,500,3.720000e-04,1.928371e-05,5.275936e-02,1.435918e+06,7.443503e+04,CL75
output_DCC_filterOff_50keV_ss_N100k.root,45-deg,DCC,filterOff,withOpening,50,7.700000e-04,8.771585e-05,4.708164e-02,0.000000e+00,0.000000e+00,CL50
output_DCC_filterOn_50keV_ss_N100k.root,45-deg,DCC,filterOn,withOpening,50,9.000000e-05,2.999865e-05,4.708164e-02,0.000000e+00,0.000000e+00,CL50
output_DPH_filterOff_50keV_ss_N100k.root,45-deg,DPH,filterOff,withOpening,50,8.500000e-04,9.215625e-05,4.708164e-02,0.000000e+00,0.000000e+00,CL50
output_DPH_filterOn_50keV_ss_N100k.root,45-deg,DPH,filterOn,withOpening,50,9.000000e-05,2.999865e-05,4.708164e-02,0.000000e+00,0.000000e+00,CL50
output_SP_filterOff_50keV_ss_N100k.root,45-deg,SP,filterOff,withOpening,50,5.600000e-04,7.481219e-05,5.275936e-02,0.000000e+00,0.000000e+00,CL50
output_SP_filterOn_50keV_ss_N100k.root,45-deg,SP,filterOn,withOpening,50,2.000000e-05,1.414199e-05,5.275936e-02,0.000000e+00,0.000000e+00,CL50
output_DCC_filterOff_1000keV_option4_N1m.root,45-deg,DCC,filterOff,withOpening,1000,9.040000e-04,3.005300e-05,4.708164e-02,6.870315e+05,2.284000e+04,CL50
output_DCC_filterOff_100keV_ss_N300k.root,45-deg,DCC,filterOff,withOpening,100,8.700000e-04,5.382822e-05,4.708164e-02,3.820266e+05,2.363656e+04,CL50
output_DCC_filterOff_250keV_ss_N300k.root,45-deg,DCC,filterOff,withOpening,250,9.066667e-04,5.494981e-05,4.708164e-02,5.556153e+05,3.367385e+04,CL50
output_DCC_filterOff_500keV_option4_N1m.root,45-deg,DCC,filterOff,withOpening,500,6.680000e-04,2.583706e-05,4.708164e-02,5.328974e+05,2.061153e+04,CL50
output_DCC_filterOn_1000keV_option4_N1m.root,45-deg,DCC,filterOn,withOpening,1000,9.650000e-04,3.104946e-05,4.708164e-02,7.333909e+05,2.359730e+04,CL50
output_DCC_filterOn_100keV_ss_N300k.root,45-deg,DCC,filterOn,withOpening,100,3.266667e-04,3.299293e-05,4.708164e-02,1.434429e+05,1.448756e+04,CL50
output_DCC_filterOn_250keV_ss_N300k.root,45-deg,DCC,filterOn,withOpening,250,7.700000e-04,5.064277e-05,4.708164e-02,4.718644e+05,3.103445e+04,CL50
output_DCC_filterOn_500keV_option4_N1m.root,45-deg,DCC,filterOn,withOpening,500,6.600000e-04,2.568199e-05,4.708164e-02,5.265154e+05,2.048782e+04,CL50
output_DPH_filterOff_1000keV_option4_N1m.root,45-deg,DPH,filterOff,withOpening,1000,8.900000e-04,2.981959e-05,4.708164e-02,6.763916e+05,2.266261e+04,CL50
output_DPH_filterOff_100keV_ss_N300k.root,45-deg,DPH,filterOff,withOpening,100,8.066667e-04,5.183358e-05,4.708164e-02,3.542162e+05,2.276069e+04,CL50
output_DPH_filterOff_250keV_ss_N300k.root,45-deg,DPH,filterOff,withOpening,250,9.466667e-04,5.614774e-05,4.708164e-02,5.801277e+05,3.440795e+04,CL50
output_DPH_filterOff_500keV_option4_N1m.root,45-deg,DPH,filterOff,withOpening,500,6.530000e-04,2.554552e-05,4.708164e-02,5.209311e+05,2.037895e+04,CL50
output_DPH_filterOn_1000keV_option4_N1m.root,45-deg,DPH,filterOn,withOpening,1000,9.440000e-04,3.071008e-05,4.708164e-02,7.174311e+05,2.333937e+04,CL50
output_DPH_filterOn_100keV_ss_N300k.root,45-deg,DPH,filterOn,withOpening,100,3.000000e-04,3.161803e-05,4.708164e-02,1.317333e+05,1.388383e+04,CL50
output_DPH_filterOn_250keV_ss_N300k.root,45-deg,DPH,filterOn,withOpening,250,7.133333e-04,4.874507e-05,4.708164e-02,4.371385e+05,2.987151e+04,CL50
output_DPH_filterOn_500keV_option4_N1m.root,45-deg,DPH,filterOn,withOpening,500,6.130000e-04,2.475125e-05,4.708164e-02,4.890211e+05,1.974532e+04,CL50
output_SP_filterOff_1000keV_option4_N1m.root,45-deg,SP,filterOff,withOpening,1000,5.380000e-04,2.318859e-05,5.275936e-02,4.581824e+05,1.974833e+04,CL50
output_SP_filterOff_100keV_ss_N300k.root,45-deg,SP,filterOff,withOpening,100,4.333333e-04,3.799761e-05,5.275936e-02,2.132281e+05,1.869729e+04,CL50
output_SP_filterOff_250keV_ss_N300k.root,45-deg,SP,filterOff,withOpening,250,5.400000e-04,4.241495e-05,5.275936e-02,3.708243e+05,2.912684e+04,CL50
output_SP_filterOff_500keV_option4_N1m.root,45-deg,SP,filterOff,withOpening,500,4.380000e-04,2.092387e-05,5.275936e-02,3.915517e+05,1.870497e+04,CL50
output_SP_filterOn_1000keV_option4_N1m.root,45-deg,SP,filterOn,withOpening,1000,5.370000e-04,2.316704e-05,5.275936e-02,4.573308e+05,1.972998e+04,CL50
output_SP_filterOn_100keV_ss_N300k.root,45-deg,SP,filterOn,withOpening,100,2.366667e-04,2.808384e-05,5.275936e-02,1.164553e+05,1.381907e+04,CL50
output_SP_filterOn_250keV_ss_N300k.root,45-deg,SP,filterOn,withOpening,250,4.833333e-04,4.012895e-05,5.275936e-02,3.319107e+05,2.755702e+04,CL50
output_SP_filterOn_500keV_option4_N1m.root,45-deg,SP,filterOn,withOpening,500,4.340000e-04,2.082815e-05,5.275936e-02,3.879759e+05,1.861940e+04,CL50
output_DCC_filterOff_50keV_ss_N100k.root,45-deg,DCC,filterOff,withoutOpening,50,6.300000e-04,7.934753e-05,4.708164e-02,0.000000e+00,0.000000e+00,CL50
output_DCC_filterOn_50keV_ss_N100k.root,45-deg,DCC,filterOn,withoutOpening,50,8.000000e-05,2.828314e-05,4.708164e-02,0.000000e+00,0.000000e+00,CL50
output_DPH_filterOff_50keV_ss_N100k.root,45-deg,DPH,filterOff,withoutOpening,50,7.100000e-04,8.423158e-05,4.708164e-02,0.000000e+00,0.000000e+00,CL50
output_DPH_filterOn_50keV_ss_N100k.root,45-deg,DPH,filterOn,withoutOpening,50,8.000000e-05,2.828314e-05,4.708164e-02,0.000000e+00,0.000000e+00,CL50
output_SP_filterOff_50keV_ss_N100k.root,45-deg,SP,filterOff,withoutOpening,50,4.300000e-04,6.556029e-05,5.275936e-02,0.000000e+00,0.000000e+00,CL50
output_SP_filterOn_50keV_ss_N100k.root,45-deg,SP,filterOn,withoutOpening,50,1.000000e-05,9.999950e-06,5.275936e-02,0.000000e+00,0.000000e+00,CL50
output_DCC_filterOff_1000keV_option4_N1m.root,45-deg,DCC,filterOff,withoutOpening,1000,8.280000e-04,2.876307e-05,4.708164e-02,6.285277e+05,2.183380e+04,CL50
output_DCC_filterOff_100keV_ss_N300k.root,45-deg,DCC,filterOff,withoutOpening,100,8.200000e-04,5.225985e-05,4.708164e-02,3.596450e+05,2.292073e+04,CL50
output_DCC_filterOff_250keV_ss_N300k.root,45-deg,DCC,filterOff,withoutOpening,250,8.266667e-04,5.247168e-05,4.708164e-02,5.059910e+05,3.211718e+04,CL50
output_DCC_filterOff_500keV_option4_N1m.root,45-deg,DCC,filterOff,withoutOpening,500,6.100000e-04,2.469064e-05,4.708164e-02,4.860521e+05,1.967367e+04,CL50
output_DCC_filterOn_1000keV_option4_N1m.root,45-deg,DCC,filterOn,withoutOpening,1000,8.810000e-04,2.966857e-05,4.708164e-02,6.687596e+05,2.252116e+04,CL50
output_DCC_filterOn_100keV_ss_N300k.root,45-deg,DCC,filterOn,withoutOpening,100,3.000000e-04,3.161803e-05,4.708164e-02,1.315774e+05,1.386740e+04,CL50
output_DCC_filterOn_250keV_ss_N300k.root,45-deg,DCC,filterOn,withoutOpening,250,7.166667e-04,4.885874e-05,4.708164e-02,4.386616e+05,2.990575e+04,CL50
output_DCC_filterOn_500keV_option4_N1m.root,45-deg,DCC,filterOn,withoutOpening,500,5.910000e-04,2.430331e-05,4.708164e-02,4.709128e+05,1.936504e+04,CL50
output_DPH_filterOff_1000keV_option4_N1m.root,45-deg,DPH,filterOff,withoutOpening,1000,8.140000e-04,2.851907e-05,4.708164e-02,6.179004e+05,2.164858e+04,CL50
output_DPH_filterOff_100keV_ss_N300k.root,45-deg,DPH,filterOff,withoutOpening,100,7.566667e-04,5.020273e-05,4.708164e-02,3.318676e+05,2.201849e+04,CL50
output_DPH_filterOff_250keV_ss_N300k.root,45-deg,DPH,filterOff,withoutOpening,250,8.666667e-04,5.372509e-05,4.708164e-02,5.304745e+05,3.288437e+04,CL50
output_DPH_filterOff_500keV_option4_N1m.root,45-deg,DPH,filterOff,withoutOpening,500,5.950000e-04,2.438536e-05,4.708164e-02,4.741000e+05,1.943042e+04,CL50
output_DPH_filterOn_1000keV_option4_N1m.root,45-deg,DPH,filterOn,withoutOpening,1000,8.600000e-04,2.931314e-05,4.708164e-02,6.528186e+05,2.225136e+04,CL50
output_DPH_filterOn_100keV_ss_N300k.root,45-deg,DPH,filterOn,withoutOpening,100,2.733333e-04,3.018049e-05,4.708164e-02,1.198817e+05,1.323691e+04,CL50
output_DPH_filterOn_250keV_ss_N300k.root,45-deg,DPH,filterOn,withoutOpening,250,6.600000e-04,4.688868e-05,4.708164e-02,4.039767e+05,2.869990e+04,CL50
output_DPH_filterOn_500keV_option4_N1m.root,45-deg,DPH,filterOn,withoutOpening,500,5.440000e-04,2.331746e-05,4.708164e-02,4.334629e+05,1.857951e+04,CL50
output_SP_filterOff_1000keV_option4_N1m.root,45-deg,SP,filterOff,withoutOpening,1000,4.740000e-04,2.176638e-05,5.275936e-02,4.031999e+05,1.851519e+04,CL50
output_SP_filterOff_100keV_ss_N300k.root,45-deg,SP,filterOff,withoutOpening,100,3.966667e-04,3.635516e-05,5.275936e-02,1.949548e+05,1.786793e+04,CL50
output_SP_filterOff_250keV_ss_N300k.root,45-deg,SP,filterOff,withoutOpening,250,4.700000e-04,3.957184e-05,5.275936e-02,3.223726e+05,2.714229e+04,CL50
output_SP_filterOff_500keV_option4_N1m.root,45-deg,SP,filterOff,withoutOpening,500,3.860000e-04,1.964309e-05,5.275936e-02,3.446579e+05,1.753924e+04,CL50
output_SP_filterOn_1000keV_option4_N1m.root,45-deg,SP,filterOn,withoutOpening,1000,4.600000e-04,2.144268e-05,5.275936e-02,3.912910e+05,1.823984e+04,CL50
output_SP_filterOn_100keV_ss_N300k.root,45-deg,SP,filterOn,withoutOpening,100,2.133333e-04,2.666382e-05,5.275936e-02,1.048496e+05,1.310480e+04,CL50
output_SP_filterOn_250keV_ss_N300k.root,45-deg,SP,filterOn,withoutOpening,250,4.233333e-04,3.755681e-05,5.275936e-02,2.903640e+05,2.576019e+04,CL50
output_SP_filterOn_500keV_option4_N1m.root,45-deg,SP,filterOn,withoutOpening,500,3.720000e-04,1.928371e-05,5.275936e-02,3.321574e+05,1.721835e+04,CL50
output_DCC_filterOff_50keV_ss_N100k.root,98-deg,DCC,filterOff,withOpening,50,7.700000e-04,8.771585e-05,4.708164e-02,0.000000e+00,0.000000e+00,CL50
output_DCC_filterOn_50keV_ss_N100k.root,98-deg,DCC,filterOn,withOpening,50,9.000000e-05,2.999865e-05,4.708164e-02,0.000000e+00,0.000000e+00,CL50
output_DPH_filterOff_50keV_ss_N100k.root,98-deg,DPH,filterOff,withOpening,50,8.500000e-04,9.215625e-05,4.708164e-02,0.000000e+00,0.000000e+00,CL50
output_DPH_filterOn_50keV_ss_N100k.root,98-deg,DPH,filterOn,withOpening,50,9.000000e-05,2.999865e-05,4.708164e-02,0.000000e+00,0.000000e+00,CL50
output_SP_filterOff_50keV_ss_N100k.root,98-deg,SP,filterOff,withOpening,50,5.600000e-04,7.481219e-05,5.275936e-02,0.000000e+00,0.000000e+00,CL50
output_SP_filterOn_50keV_ss_N100k.root,98-deg,SP,filterOn,withOpening,50,2.000000e-05,1.414199e-05,5.275936e-02,0.000000e+00,0.000000e+00,CL50
output_DCC_filterOff_1000keV_option4_N1m.root,98-deg,DCC,filterOff,withOpening,1000,9.040000e-04,3.005300e-05,4.708164e-02,1.538202e+06,5.113671e+04,CL50
output_DCC_filterOff_100keV_ss_N300k.root,98-deg,DCC,filterOff,withOpening,100,8.700000e-04,5.382822e-05,4.708164e-02,2.080329e+07,1.287131e+06,CL50
output_DCC_filterOff_250keV_ss_N300k.root,98-deg,DCC,filterOff,withOpening,250,9.066667e-04,5.494981e-05,4.708164e-02,6.548499e+06,3.968810e+05,CL50
output_DCC_filterOff_500keV_option4_N1m.root,98-deg,DCC,filterOff,withOpening,500,6.680000e-04,2.583706e-05,4.708164e-02,2.337013e+06,9.039156e+04,CL50
output_DCC_filterOn_1000keV_option4_N1m.root,98-deg,DCC,filterOn,withOpening,1000,9.650000e-04,3.104946e-05,4.708164e-02,1.641997e+06,5.283223e+04,CL50
output_DCC_filterOn_100keV_ss_N300k.root,98-deg,DCC,filterOn,withOpening,100,3.266667e-04,3.299293e-05,4.708164e-02,7.811198e+06,7.889213e+05,CL50
output_DCC_filterOn_250keV_ss_N300k.root,98-deg,DCC,filterOn,withOpening,250,7.700000e-04,5.064277e-05,4.708164e-02,5.561409e+06,3.657729e+05,CL50
output_DCC_filterOn_500keV_option4_N1m.root,98-deg,DCC,filterOn,withOpening,500,6.600000e-04,2.568199e-05,4.708164e-02,2.309025e+06,8.984902e+04,CL50
output_DPH_filterOff_1000keV_option4_N1m.root,98-deg,DPH,filterOff,withOpening,1000,8.900000e-04,2.981959e-05,4.708164e-02,1.514380e+06,5.073955e+04,CL50
output_DPH_filterOff_100keV_ss_N300k.root,98-deg,DPH,filterOff,withOpening,100,8.066667e-04,5.183358e-05,4.708164e-02,1.928888e+07,1.239436e+06,CL50
output_DPH_filterOff_250keV_ss_N300k.root,98-deg,DPH,filterOff,withOpening,250,9.466667e-04,5.614774e-05,4.708164e-02,6.837403e+06,4.055331e+05,CL50
output_DPH_filterOff_500keV_option4_N1m.root,98-deg,DPH,filterOff,withOpening,500,6.530000e-04,2.554552e-05,4.708164e-02,2.284536e+06,8.937159e+04,CL50
output_DPH_filterOn_1000keV_option4_N1m.root,98-deg,DPH,filterOn,withOpening,1000,9.440000e-04,3.071008e-05,4.708164e-02,1.606264e+06,5.225476e+04,CL50
output_DPH_filterOn_100keV_ss_N300k.root,98-deg,DPH,filterOn,withOpening,100,3.000000e-04,3.161803e-05,4.708164e-02,7.173549e+06,7.560451e+05,CL50
output_DPH_filterOn_250keV_ss_N300k.root,98-deg,DPH,filterOn,withOpening,250,7.133333e-04,4.874507e-05,4.708164e-02,5.152128e+06,3.520666e+05,CL50
output_DPH_filterOn_500keV_option4_N1m.root,98-deg,DPH,filterOn,withOpening,500,6.130000e-04,2.475125e-05,4.708164e-02,2.144595e+06,8.659281e+04,CL50
output_SP_filterOff_1000keV_option4_N1m.root,98-deg,SP,filterOff,withOpening,1000,5.380000e-04,2.318859e-05,5.275936e-02,1.025829e+06,4.421475e+04,CL50
output_SP_filterOff_100keV_ss_N300k.root,98-deg,SP,filterOff,withOpening,100,4.333333e-04,3.799761e-05,5.275936e-02,1.161135e+07,1.018162e+06,CL50
output_SP_filterOff_250keV_ss_N300k.root,98-deg,SP,filterOff,withOpening,250,5.400000e-04,4.241495e-05,5.275936e-02,4.370547e+06,3.432899e+05,CL50
output_SP_filterOff_500keV_option4_N1m.root,98-deg,SP,filterOff,withOpening,500,4.380000e-04,2.092387e-05,5.275936e-02,1.717144e+06,8.203036e+04,CL50
output_SP_filterOn_1000keV_option4_N1m.root,98-deg,SP,filterOn,withOpening,1000,5.370000e-04,2.316704e-05,5.275936e-02,1.023923e+06,4.417366e+04,CL50
output_SP_filterOn_100keV_ss_N300k.root,98-deg,SP,filterOn,withOpening,100,2.366667e-04,2.808384e-05,5.275936e-02,6.341585e+06,7.525187e+05,CL50
output_SP_filterOn_250keV_ss_N300k.root,98-deg,SP,filterOn,withOpening,250,4.833333e-04,4.012895e-05,5.275936e-02,3.911909e+06,3.247879e+05,CL50
output_SP_filterOn_500keV_option4_N1m.root,98-deg,SP,filterOn,withOpening,500,4.340000e-04,2.082815e-05,5.275936e-02,1.701463e+06,8.165509e+04,CL50
output_DCC_filterOff_50keV_ss_N100k.root,98-deg,DCC,filterOff,withoutOpening,50,6.300000e-04,7.934753e-05,4.708164e-02,0.000000e+00,0.000000e+00,CL50
output_DCC_filterOn_50keV_ss_N100k.root,98-deg,DCC,filterOn,withoutOpening,50,8.000000e-05,2.828314e-05,4.708164e-02,0.000000e+00,0.000000e+00,CL50
output_DPH_filterOff_50keV_ss_N100k.root,98-deg,DPH,filterOff,withoutOpening,50,7.100000e-04,8.423158e-05,4.708164e-02,0.000000e+00,0.000000e+00,CL50
output_DPH_filterOn_50keV_ss_N100k.root,98-deg,DPH,filterOn,withoutOpening,50,8.000000e-05,2.828314e-05,4.708164e-02,0.000000e+00,0.000000e+00,CL50
output_SP_filterOff_50keV_ss_N100k.root,98-deg,SP,filterOff,withoutOpening,50,4.300000e-04,6.556029e-05,5.275936e-02,0.000000e+00,0.000000e+00,CL50
output_SP_filterOn_50keV_ss_N100k.root,98-deg,SP,filterOn,withoutOpening,50,1.000000e-05,9.999950e-06,5.275936e-02,0.000000e+00,0.000000e+00,CL50
output_DCC_filterOff_1000keV_option4_N1m.root,98-deg,DCC,filterOff,withoutOpening,1000,8.280000e-04,2.876307e-05,4.708164e-02,1.407217e+06,4.888393e+04,CL50
output_DCC_filterOff_100keV_ss_N300k.root,98-deg,DCC,filterOff,withoutOpening,100,8.200000e-04,5.225985e-05,4.708164e-02,1.958450e+07,1.248150e+06,CL50
output_DCC_filterOff_250keV_ss_N300k.root,98-deg,DCC,filterOff,withoutOpening,250,8.266667e-04,5.247168e-05,4.708164e-02,5.963626e+06,3.785341e+05,CL50
output_DCC_filterOff_500keV_option4_N1m.root,98-deg,DCC,filterOff,withoutOpening,500,6.100000e-04,2.469064e-05,4.708164e-02,2.131574e+06,8.627859e+04,CL50
output_DCC_filterOn_1000keV_option4_N1m.root,98-deg,DCC,filterOn,withoutOpening,1000,8.810000e-04,2.966857e-05,4.708164e-02,1.497293e+06,5.042285e+04,CL50
output_DCC_filterOn_100keV_ss_N300k.root,98-deg,DCC,filterOn,withoutOpening,100,3.000000e-04,3.161803e-05,4.708164e-02,7.165062e+06,7.551506e+05,CL50
output_DCC_filterOn_250keV_ss_N300k.root,98-deg,DCC,filterOn,withoutOpening,250,7.166667e-04,4.885874e-05,4.708164e-02,5.170079e+06,3.524701e+05,CL50
output_DCC_filterOn_500keV_option4_N1m.root,98-deg,DCC,filterOn,withoutOpening,500,5.910000e-04,2.430331e-05,4.708164e-02,2.065181e+06,8.492509e+04,CL50
output_DPH_filterOff_1000keV_option4_N1m.root,98-deg,DPH,filterOff,withoutOpening,1000,8.140000e-04,2.851907e-05,4.708164e-02,1.383424e+06,4.846924e+04,CL50
output_DPH_filterOff_100keV_ss_N300k.root,98-deg,DPH,filterOff,withoutOpening,100,7.566667e-04,5.020273e-05,4.708164e-02,1.807188e+07,1.199019e+06,CL50
output_DPH_filterOff_250keV_ss_N300k.root,98-deg,DPH,filterOff,withoutOpening,250,8.666667e-04,5.372509e-05,4.708164e-02,6.252189e+06,3.875762e+05,CL50
output_DPH_filterOff_500keV_option4_N1m.root,98-deg,DPH,filterOff,withoutOpening,500,5.950000e-04,2.438536e-05,4.708164e-02,2.079159e+06,8.521183e+04,CL50
output_DPH_filterOn_1000keV_option4_N1m.root,98-deg,DPH,filterOn,withoutOpening,1000,8.600000e-04,2.931314e-05,4.708164e-02,1.461602e+06,4.981879e+04,CL50
output_DPH_filterOn_100keV_ss_N300k.root,98-deg,DPH,filterOn,withoutOpening,100,2.733333e-04,3.018049e-05,4.708164e-02,6.528168e+06,7.208170e+05,CL50
output_DPH_filterOn_250keV_ss_N300k.root,98-deg,DPH,filterOn,withoutOpening,250,6.600000e-04,4.688868e-05,4.708164e-02,4.761282e+06,3.382579e+05,CL50
output_DPH_filterOn_500keV_option4_N1m.root,98-deg,DPH,filterOn,withoutOpening,500,5.440000e-04,2.331746e-05,4.708164e-02,1.900945e+06,8.148017e+04,CL50
output_SP_filterOff_1000keV_option4_N1m.root,98-deg,SP,filterOff,withoutOpening,1000,4.740000e-04,2.176638e-05,5.275936e-02,9.027283e+05,4.145386e+04,CL50
output_SP_filterOff_100keV_ss_N300k.root,98-deg,SP,filterOff,withoutOpening,100,3.966667e-04,3.635516e-05,5.275936e-02,1.061628e+07,9.729997e+05,CL50
output_SP_filterOff_250keV_ss_N300k.root,98-deg,SP,filterOff,withoutOpening,250,4.700000e-04,3.957184e-05,5.275936e-02,3.799494e+06,3.198999e+05,CL50
output_SP_filterOff_500keV_option4_N1m.root,98-deg,SP,filterOff,withoutOpening,500,3.860000e-04,1.964309e-05,5.275936e-02,1.511492e+06,7.691807e+04,CL50
output_SP_filterOn_1000keV_option4_N1m.root,98-deg,SP,filterOn,withoutOpening,1000,4.600000e-04,2.144268e-05,5.275936e-02,8.760655e+05,4.083737e+04,CL50
output_SP_filterOn_100keV_ss_N300k.root,98-deg,SP,filterOn,withoutOpening,100,2.133333e-04,2.666382e-05,5.275936e-02,5.709596e+06,7.136233e+05,CL50
output_SP_filterOn_250keV_ss_N300k.root,98-deg,SP,filterOn,withoutOpening,250,4.233333e-04,3.755681e-05,5.275936e-02,3.422239e+06,3.036103e+05,CL50
output_SP_filterOn_500keV_option4_N1m.root,98-deg,SP,filterOn,withoutOpening,500,3.720000e-04,1.928371e-05,5.275936e-02,1.456671e+06,7.551083e+04,CL50
